﻿<?xml version="1.0" encoding="utf-8"?>
<Defaults>
  <Value name="ReportFileModule.RecentResultFilesList_v2">&lt;?xml version="1.0" encoding="utf-16"?&gt;
&lt;ArrayOfRecentFileListEntry xmlns:xsd="http://www.w3.org/2001/XMLSchema" xmlns:xsi="http://www.w3.org/2001/XMLSchema-instance" /&gt;</Value>
  <Value name="WorkflowEditorModule.RecentStudyFilesList_v2">&lt;?xml version="1.0" encoding="utf-16"?&gt;
&lt;ArrayOfRecentFileListEntry xmlns:xsd="http://www.w3.org/2001/XMLSchema" xmlns:xsi="http://www.w3.org/2001/XMLSchema-instance" /&gt;</Value>
  <Value name="Shell.MainMenuAndToolbarSettings">&lt;?xml version="1.0" encoding="utf-16"?&gt;
&lt;MenuAndToolbarSettings xmlns:xsd="http://www.w3.org/2001/XMLSchema" xmlns:xsi="http://www.w3.org/2001/XMLSchema-instance"&gt;
  &lt;UseLargeImagesOnToolbars&gt;true&lt;/UseLargeImagesOnToolbars&gt;
  &lt;UseLargeImagesOnMenus&gt;false&lt;/UseLargeImagesOnMenus&gt;
&lt;/MenuAndToolbarSettings&gt;</Value>
  <Value name="Shell.Maximized">false</Value>
  <Value name="Shell.NormalWidth">1200</Value>
  <Value name="Shell.NormalHeight">750</Value>
  <Value name="Shell.NormalLocationX">188</Value>
  <Value name="Shell.NormalLocationY">71</Value>
  <Value name="StandaloneWFEditorWorkflowEditor.ProcessingNodesPane.Width">300</Value>
  <Value name="StandaloneWFEditorWorkflowEditor.ParameterEditor.Width">300</Value>
  <Value name="StandaloneWFEditorWorkflowEditor.ParameterEditor.DescriptionPane.Height">200</Value>
  <Value name="StandaloneWFEditorWorkflowEditor.Size.Width">1170</Value>
  <Value name="StandaloneWFEditorWorkflowEditor.Size.Height">566</Value>
</Defaults>