﻿<?xml version="1.0" encoding="utf-8" ?>
<ExclusionList>
  <ExcludePattern>Thermo.Licenses.*</ExcludePattern>
  <ExcludePattern>ThermoFisher.*</ExcludePattern>
  <ExcludePattern>*UnitTests*</ExcludePattern>
  <ExcludePattern>Microsoft.*</ExcludePattern>
  <ExcludePattern>Infragistics*</ExcludePattern>
  <ExcludePattern>Extreme.Numerics.*</ExcludePattern>
  <ExcludePattern>HighChem.*</ExcludePattern>
  <ExcludePattern>*MassFrontier*</ExcludePattern>
  <ExcludePattern>SIEVE.*</ExcludePattern>
  <ExcludePattern>System.*</ExcludePattern>
  <ExcludePattern>Accord.*</ExcludePattern>
  <ExcludePattern>AForge.*</ExcludePattern>
  <ExcludePattern>NMath.*</ExcludePattern>
  <ExcludePattern>Fnp*</ExcludePattern>
  <ExcludePattern>fregistry*</ExcludePattern>
  <ExcludePattern>fileio*</ExcludePattern>
  <ExcludePattern>mscore*</ExcludePattern>
  <ExcludePattern>Swashbuckle*.dll</ExcludePattern>
	<ExcludePattern>Newtonsoft.*.dll</ExcludePattern>
  <ExcludePattern>Galasoft*</ExcludePattern>
  <ExcludePattern>DocumentFormat.*</ExcludePattern>
	<ExcludePattern>NLog.dll</ExcludePattern>
</ExclusionList>