﻿<SolutionProfile xmlns="http://schemas.microsoft.com/pag/cab-profile/2.0">
	<Section Name="Layout">
		<Modules>
			<!--
      <ModuleInfo AssemblyFile="Thermo.Discoverer.Infrastructure.Layout.dll" />
      
			<ModuleInfo AssemblyFile="Thermo.Discoverer.LogViewerModule.dll" />-->
		</Modules>
	</Section>
	<Section Name="Services">
		<Dependencies>
			<Dependency Name="Layout" />
		</Dependencies>
		<Modules>
			<ModuleInfo AssemblyFile="Thermo.Discoverer.Infrastructure.Module.dll" />
      <ModuleInfo AssemblyFile="Thermo.Discoverer.Infrastructure.ServerAccessService.dll" />
      <ModuleInfo AssemblyFile="Thermo.Discoverer.Infrastructure.ServerAccessModule.dll" />
    </Modules>
	</Section>
	<Section Name="Apps">
		<Dependencies>
			<Dependency Name="Layout" />
			<Dependency Name="Services" />
		</Dependencies>
		<Modules>
			<ModuleInfo AssemblyFile="Thermo.Discoverer.WorkflowEditorModule.dll" />
		</Modules>
	</Section>
	<Section Name="Administration">
		<Dependencies>
			<Dependency Name="Layout" />
			<Dependency Name="Services" />
		</Dependencies>
		<Modules>
			<ModuleInfo AssemblyFile="Thermo.Discoverer.AdminModule.dll" />
		</Modules>
	</Section>
	<Section Name="AdministrationExtensions">
		<Dependencies>
			<Dependency Name="Administration" />
		</Dependencies>
		<Modules>
			<ModuleInfo AssemblyFile="Thermo.Discoverer.ConfigModule.dll" />
		</Modules>
	</Section>
  <Section Name="ReportFile">
    <Dependencies>
      <Dependency Name="Layout" />
      <Dependency Name="Services" />
    </Dependencies>
    <Modules>
      <ModuleInfo AssemblyFile="Thermo.Discoverer.ReportFileModule.dll" />
    </Modules>
  </Section>
	<Section Name="SearchReportExtensions">
		<Dependencies>
      <Dependency Name="ReportFile" />
		</Dependencies>
		<Modules>
			<ModuleInfo AssemblyFile="Thermo.Discoverer.SearchReportExtensionModule.dll" />
			<ModuleInfo AssemblyFile="Thermo.Discoverer.SearchResultsExportModule.dll" />
      <!--<ModuleInfo AssemblyFile="Thermo.Discoverer.TestModule1.dll" />-->
      <!--<ModuleInfo AssemblyFile="Thermo.Discoverer.SearchResultsLayoutModule.dll" />-->
    </Modules>
	</Section>
	<Section Name="QuantitationExtensions">
		<Dependencies>
      <Dependency Name="Administration" />
		</Dependencies>
		<Modules>
			<ModuleInfo AssemblyFile="Thermo.Discoverer.QuantitationExtensionModule.dll" />
		</Modules>
	</Section>
	<Section Name="FASTADatabaseUtilities">		
		<Modules>
			<ModuleInfo AssemblyFile="Thermo.Discoverer.FASTADatabaseUtilitiesModule.dll" />
		</Modules>
	</Section>
  <Section Name="ApplicationConfigModule">
    <Modules>
      <ModuleInfo AssemblyFile="Thermo.Discoverer.ApplicationConfigModule.dll" />
    </Modules>
  </Section>
</SolutionProfile>